nodeCount5,pathCount5,satCount5,compr5,
9,1.0,4096.0,455.1111111111111,
15,2.0,8192.0,546.1333333333333,
16,2.0,8192.0,512.0,
15,2.0,8192.0,546.1333333333333,
9,1.0,4096.0,455.1111111111111,
